{"cameraMode":{"drawMode":0,"name":"Shaded","section":"Shading Mode"},"sceneLighting":false,"audioPlay":false,"sceneViewState":{"showFog":true,"showMaterialUpdate":false,"showSkybox":false,"showFlares":true,"showImageEffects":true,"showParticleSystems":true},"in2DMode":false,"pivot":{"x":0.056595802307128909,"y":0.23025056719779969,"z":0.2257843017578125},"rotation":{"x":-0.30900493264198305,"y":0.080331951379776,"z":-0.026200182735919954,"w":-0.9473074674606323},"size":47.048255920410159,"orthographic":false}